{
  "courses": {
    "01": {
      "id": "01",
      "description": "Angular Universal Course",
      "iconUrl": "https://s3-us-west-1.amazonaws.com/angular-university/course-images/angular-universal-small.png",
      "courseListIcon": "https://angular-academy.s3.amazonaws.com/main-logo/main-page-logo-small-hat.png",
      "longDescription": "Use Angular on the server too! Learn Angular Server-Side Rendering.",
      "category": "BEGINNER",
      "lessonsCount": 10
    },
    "02": {
      "id": "02",
      "description": "Angular Security Course - Web Security Fundamentals",
      "longDescription": "Learn Web Security Fundamentals and apply them to defend an Angular / Node Application from multiple types of attacks.",
      "iconUrl": "https://s3-us-west-1.amazonaws.com/angular-university/course-images/security-cover-small-v2.png",
      "courseListIcon": "https://s3-us-west-1.amazonaws.com/angular-university/course-images/lock-v2.png",
      "category": "ADVANCED",
      "lessonsCount": 11
    },
    "03": {
      "id": "03",
      "description": "Angular PWA - Progressive Web Apps Course",
      "longDescription": "Learn Angular Progressive Web Applications, build the future of the Web Today.",
      "iconUrl": "https://s3-us-west-1.amazonaws.com/angular-university/course-images/angular-pwa-course.png",
      "courseListIcon": "https://s3-us-west-1.amazonaws.com/angular-university/course-images/alien.png",
      "category": "ADVANCED",
      "lessonsCount": 8
    }
  },
  "lessons": {
    "01": [
      {
        "id": "01",
        "description": "Angular Tutorial For Beginners - Build Your First App - Hello World Step By Step",
        "duration": "4:17",
        "seqNo": 1,
        "courseId": "1"
      },
      {
        "id": "02",
        "description": "Building Your First  Component - Component Composition",
        "duration": "2:07",
        "seqNo": 2
      },
      {
        "id": "03",
        "description": "Component @Input - How To Pass Input Data To an  Component",
        "duration": "2:33",
        "seqNo": 3
      },
      {
        "id": "04",
        "description": " Component Events - Using @Output to create custom events",
        "duration": "4:44",
        "seqNo": 4
      },
      {
        "id": "05",
        "description": " Component Templates - Inline Vs External",
        "duration": "2:55",
        "seqNo": 5
      },
      {
        "id": "06",
        "description": "Styling  Components - Learn About Component Style Isolation",
        "duration": "3:27",
        "seqNo": 6
      },
      {
        "id": "07",
        "description": " Component Interaction - Extended Components Example",
        "duration": "9:22",
        "seqNo": 7
      },
      {
        "id": "08",
        "description": " Components Tutorial For Beginners - Components Exercise !",
        "duration": "1:26",
        "seqNo": 8
      },
      {
        "id": "09",
        "description": " Components Tutorial For Beginners - Components Exercise Solution Inside",
        "duration": "2:08",
        "seqNo": 9
      },
      {
        "id": "10",
        "description": " Directives - Inputs, Output Event Emitters and How To Export Template References",
        "duration": "4:01",
        "seqNo": 10
      }
    ],
    "02": [
      {
        "id": "11",
        "description": "Course Helicopter View",
        "duration": "08:19",
        "seqNo": 1
      },
      {
        "id": "12",
        "description": "Installing Git, Node, NPM and Choosing an IDE",
        "duration": "04:17",
        "seqNo": 2
      },
      {
        "id": "13",
        "description": "Installing The Lessons Code - Learn Why Its Essential To Use NPM 5",
        "duration": "06:05",
        "seqNo": 3
      },
      {
        "id": "14",
        "description": "How To Run Node In TypeScript With Hot Reloading",
        "duration": "03:57",
        "seqNo": 4
      },
      {
        "id": "15",
        "description": "Guided Tour Of The Sample Application",
        "duration": "06:00",
        "seqNo": 5
      },
      {
        "id": "16",
        "description": "Client Side Authentication Service - API Design",
        "duration": "04:53",
        "seqNo": 6
      },
      {
        "id": "17",
        "description": "Client Authentication Service - Design and Implementation",
        "duration": "09:14",
        "seqNo": 7
      },
      {
        "id": "18",
        "description": "The New Angular HTTP Client - Doing a POST Call To The Server",
        "duration": "06:08",
        "seqNo": 8
      },
      {
        "id": "19",
        "description": "User Sign Up Server-Side Implementation in Express",
        "duration": "08:50",
        "seqNo": 9
      },
      {
        "id": "20",
        "description": "Introduction To Cryptographic Hashes - A Running Demo",
        "duration": "05:46",
        "seqNo": 10
      },
      {
        "id": "21",
        "description": "Some Interesting Properties Of Hashing Functions - Validating Passwords",
        "duration": "06:31",
        "seqNo": 11
      }
    ],
    "03": [
      {
        "id": "22",
        "description": "Course Kick-Off - Install Node, NPM, IDE And Service Workers Section Code",
        "duration": "07:19",
        "seqNo": 1
      },
      {
        "id": "23",
        "description": "Service Workers In a Nutshell - Service Worker Registration",
        "duration": "6:59",
        "seqNo": 2
      },
      {
        "id": "24",
        "description": "Service Workers Hello World - Lifecycle Part 1 and PWA Chrome Dev Tools",
        "duration": "7:28",
        "seqNo": 3
      },
      {
        "id": "25",
        "description": "Service Workers and Application Versioning - Install & Activate Lifecycle Phases",
        "duration": "10:17",
        "seqNo": 4
      },
      {
        "id": "26",
        "description": "Downloading The Offline Page - The Service Worker Installation Phase",
        "duration": "09:50",
        "seqNo": 5
      },
      {
        "id": "27",
        "description": "Introduction to the Cache Storage PWA API",
        "duration": "04:44",
        "seqNo": 6
      },
      {
        "id": "28",
        "description": "View Service Workers HTTP Interception Features In Action",
        "duration": "06:07",
        "seqNo": 7
      },
      {
        "id": "29",
        "description": "Service Workers Error Handling - Serving The Offline Page",
        "duration": "5:38",
        "seqNo": 8
      }
    ]
  }
}